{
    "exp_name": "bm25resulte81787619520",
    "results": {
        "LLMContextPrecisionWithReference": 0.6428571428238095,
        "LLMContextRecall": 0.7222549019607843,
        "Faithfulness": 0.6799871299871301,
        "BleuScore": 0.11283332902921661,
        "RougeScore": 0.18725609018910108
    },
    "parameters": {
        "retriever_name": "bm25",
        "top_k": 3,
        "embedding_dimension": 512,
        "dataset_cleaned": true,
        "bm25_params": {
            "k1": 1.5,
            "b": 0.5,
            "epsilon": 0.25
        },
        "tokenizer": "word_tokenize",
        "llm_parameters": {
            "temperature": 0.1,
            "top_p": 0.9,
            "max_output_tokens": 500
        }
    }
}